INSERT INTO ps_street (street_code, street_name) VALUES
(1, 'вулиця Садова'),
(2, 'бульвар Шевченка'),
(3, 'вулиця Польова'),
(4, 'вулиця Горохова'),
(5, 'проспект Дашкевича');

INSERT INTO ps_university (university_id, university_name) VALUES
(1, 'КПІ'),
(2, 'НАУ'),
(3, 'КНТЕУ');

INSERT INTO ps_country_struct (area_id, area_name) VALUES
('010000000000', 'Місто'),
('010010000000', 'Місто Район 1'),
('010020000000', 'Місто Район 2'),
('010030000000', 'Місто Район 3'),
('010040000000', 'Місто Район 4'),

('020010000000', 'Область 1'),
('020010010000', 'Область 1 Район 1'),
('020010010001', 'Область 1 Район 1 Поселення 1'),
('020010010002', 'Область 1 Район 1 Поселення 2'),
('020010020000', 'Область 1 Район 2'),
('020010020001', 'Область 1 Район 2 Поселення 1'),
('020010020002', 'Область 1 Район 2 Поселення 2'),
('020010020003', 'Область 1 Район 2 Поселення 3'),
('020020000000', 'Область 2'),
('020020010000', 'Область 2 Район 1'),
('020020010001', 'Область 2 Район 1 Поселення 1'),
('020020010002', 'Область 2 Район 1 Поселення 2'),
('020020010003', 'Область 2 Район 1 Поселення 3'),
('020020020000', 'Область 2 Район 2'),
('020020020001', 'Область 2 Район 2 Поселення 1'),
('020020020002', 'Область 2 Район 2 Поселення 2');

INSERT INTO ps_passport_office (p_office_id, p_office_area_id, p_office_name) VALUES
(1, '010010000000', 'Паспортный стіл району 1 міста'),
(2, '010020000000', 'Паспортный стіл 1 району 2 міста'),
(3, '010020000000', 'Паспортный стіл 2 району 2 міста'),
(4, '010010000000', 'Паспортный стіл району 3 міста'),
(5, '020010010001', 'Паспортный стіл Область 1 поселення 1'),
(6, '020010020002', 'Паспортный стіл Область 1 поселення 2'),
(7, '020020010000', 'Паспортный стіл Область 2 район 1'),
(8, '020020020000', 'Паспортный стіл Область 2 район 2');

INSERT INTO ps_register_office (r_office_id, r_office_area_id, r_office_name) VALUES
(1, '010010000000', 'РАГС 1 району 1 города'),
(2, '010010000000', 'РАГС 2 району 1 города'),
(3, '010020000000', 'РАГС району 2 города'),
(4, '020010010001', 'РАГС Область 1 поселения 1'),
(5, '020010020002', 'РАГС Область 1 поселения 2'),
(6, '020020010000', 'РАГС Область 2 район 1'),
(7, '020020020000', 'РАГС Область 2 район 2');